"","Group","precision_cd_mean_100","precision_cd_mean_80","precision_cd_mean_60","precision_cd_mean_40","precision_cd_mean_20"
"1","P0",0.850291308712466,0.863959606847166,0.886572455196646,0.882431514133587,0.866542131107781
"2","P1",0.881086965978777,0.881385354608281,0.907976419307475,0.913556538298391,0.904015736001189
"3","P2",0.914292889813747,0.922962994236107,0.930314843950715,0.931462800948155,0.941764549449827
"4","P3",0.938546702626195,0.948114551199824,0.947573886390383,0.955076973493339,0.956553861880396
"5","P4",0.86182020998601,0.871375812204038,0.880264235531326,0.876480823266578,0.893989878930578
"6","P5",0.926975036725319,0.931092307136025,0.938784889817978,0.940846630182665,0.934740625422158
"7","P6",0.94556756464308,0.950069674129689,0.946904716260575,0.948315424482019,0.965895377520424
