"","Group","recall_cd_mean_100","recall_cd_mean_80","recall_cd_mean_60","recall_cd_mean_40","recall_cd_mean_20"
"1","P0",0.672386633942388,0.657477720796425,0.646072972287176,0.614475266441951,0.501995242146274
"2","P1",0.671875514201965,0.66416265889012,0.642921884788269,0.59008237519843,0.509849656760941
"3","P2",0.671808232548621,0.660098418214705,0.657681791624073,0.633563784410422,0.562160669613325
"4","P3",0.699680060356936,0.697803812412199,0.680493792228268,0.646885477893486,0.583285494684965
"5","P4",0.643095991643731,0.632279087257728,0.631610521028057,0.583621065769933,0.489561551776366
"6","P5",0.694723229465017,0.685187866236727,0.676151256174569,0.64511186433406,0.559674938555207
"7","P6",0.694481065903724,0.68434299550457,0.667593532288107,0.63748457448946,0.611747819401153
