"","Group","accuracy_rs_mean_100","accuracy_rs_mean_80","accuracy_rs_mean_60","accuracy_rs_mean_40","accuracy_rs_mean_20"
"1","P0",0.966260275629224,0.974556333098899,0.983773620085379,0.991534305308295,0.997768111529156
"2","P1",0.949208997471603,0.962259705806662,0.974173866652148,0.986572524759527,0.996648196202323
"3","P2",0.938712272219723,0.949996258993535,0.967583375483714,0.982941183858813,0.995249515515927
"4","P3",0.934207305164418,0.94940779376826,0.965366634463291,0.98123949864011,0.994742196334439
"5","P4",0.945382776008463,0.959165710155168,0.973444178476544,0.985267211126124,0.996373918389986
"6","P5",0.938149758986248,0.952095856903702,0.96825321019248,0.983538915717438,0.995287349872281
"7","P6",0.930061633752919,0.948673300461943,0.964555970474992,0.980665029211096,0.994765554447541
