"","Group","recall_rs_mean_100","recall_rs_mean_80","recall_rs_mean_60","recall_rs_mean_40","recall_rs_mean_20"
"1","P0",0.700656922076088,0.671971690808007,0.647565392370053,0.623211345358262,0.505670790515814
"2","P1",0.710333206649999,0.690713933877071,0.645831442295169,0.594893770685101,0.526701435757958
"3","P2",0.734769603026726,0.698043858984168,0.685469888432883,0.656821773830608,0.576745796084626
"4","P3",0.754231923672347,0.73995213982794,0.717711265903131,0.671958424235267,0.5980032547638
"5","P4",0.701327390014938,0.661239282820027,0.663477102045441,0.600553746755105,0.515006024615149
"6","P5",0.744088816235394,0.727459541426902,0.708342780726585,0.674165727578511,0.584776549475389
"7","P6",0.754966407593255,0.735043209268239,0.717037676579056,0.675062956505798,0.642556149973797
